{"cameraMode":{"drawMode":0,"name":"Shaded","section":"Shading Mode"},"sceneLighting":true,"audioPlay":false,"sceneViewState":{"showFog":true,"showMaterialUpdate":false,"showSkybox":true,"showFlares":true,"showImageEffects":true,"showParticleSystems":true},"in2DMode":false,"pivot":{"x":-0.6700000762939453,"y":1.065999984741211,"z":0.0},"rotation":{"x":0.01499862503260374,"y":-0.011100639589130879,"z":0.00016790011432021856,"w":0.9998300075531006},"size":17.603425979614259,"orthographic":true}